names,years,num_trips
1 Ave & E 15 St,2013,25642
1 Ave & E 15 St,2014,49487
1 Ave & E 15 St,2015,51911
1 Ave & E 15 St,2016,27600
1 Ave & E 16 St,2016,12502
1 Ave & E 18 St,2013,16810
1 Ave & E 18 St,2014,23822
1 Ave & E 18 St,2015,25715
1 Ave & E 18 St,2016,28100
1 Ave & E 30 St,2013,17679
1 Ave & E 30 St,2014,33802
1 Ave & E 30 St,2015,38597
1 Ave & E 30 St,2016,35181
1 Ave & E 44 St,2013,11611
1 Ave & E 44 St,2014,19237
1 Ave & E 44 St,2015,24622
1 Ave & E 44 St,2016,20646
1 Ave & E 62 St,2015,10687
1 Ave & E 62 St,2016,25155
1 Ave & E 68 St,2015,18191
1 Ave & E 68 St,2016,44114
1 Ave & E 78 St,2015,10905
1 Ave & E 78 St,2016,28900
1 Ave & E 94 St,2016,2648
1 Pl & Clinton St,2016,601
10 Ave & W 28 St,2013,15640
10 Ave & W 28 St,2014,29677
10 Ave & W 28 St,2015,39468
10 Ave & W 28 St,2016,11489
10 St & 5 Ave,2016,618
10 St & 7 Ave,2016,1052
11 Ave & W 27 St,2013,17016
11 Ave & W 27 St,2014,30793
11 Ave & W 27 St,2015,44986
11 Ave & W 27 St,2016,41390
11 Ave & W 41 St,2013,15757
11 Ave & W 41 St,2014,27141
11 Ave & W 41 St,2015,34893
11 Ave & W 41 St,2016,32866
11 Ave & W 59 St,2014,21841
11 Ave & W 59 St,2015,31794
11 Ave & W 59 St,2016,26847
12 Ave & W 40 St,2013,19035
12 Ave & W 40 St,2014,37894
12 Ave & W 40 St,2015,51660
12 Ave & W 40 St,2016,63138
12 St & 4 Ave,2016,581
14 St & 5 Ave,2016,821
14 St & 7 Ave,2016,1201
2 Ave  & E 104 St,2016,967
2 Ave & 9 St,2016,453
2 Ave & E 105 St,2016,1
2 Ave & E 31 St,2013,29540
2 Ave & E 31 St,2014,49981
2 Ave & E 31 St,2015,36449
2 Ave & E 31 St,2016,28523
2 Ave & E 58 St,2013,17837
2 Ave & E 58 St,2014,21763
2 Ave & E 58 St,2015,21146
2 Ave & E 99 St,2016,133
21 St & 41 Ave,2015,257
21 St & 41 Ave,2016,2528
21 St & 43 Ave,2015,575
21 St & 43 Ave,2016,1663
21 St & Queens Plaza North,2015,351
3 Ave & 14 St,2016,318
3 Ave & E 100 St,2016,548
3 Ave & E 62 St,2015,7649
3 Ave & E 62 St,2016,13771
3 Ave & E 71 St,2016,4232
3 Ave & E 72 St,2016,31
3 Ave & Schermerhorn St,2013,2440
3 Ave & Schermerhorn St,2014,3691
3 Ave & Schermerhorn St,2015,4683
3 Ave & Schermerhorn St,2016,4147
3 St & 3 Ave,2016,1433
3 St & 7 Ave,2016,949
3 St & Hoyt St,2016,539
3 St & Prospect Park West,2016,1109
31 St & Thomson Ave,2015,871
31 St & Thomson Ave,2016,1484
3969.TEMP (Bike The Branches - Central Branch),2016,9
4 Ave & 9 St,2016,856
44 Dr & Jackson Ave,2015,3333
44 Dr & Jackson Ave,2016,6933
45 Rd & 11 St,2015,2447
45 Rd & 11 St,2016,6359
46 Ave & 5 St,2015,5189
46 Ave & 5 St,2016,9388
47 Ave & 31 St,2015,631
47 Ave & 31 St,2016,2177
48 Ave & 5 St,2015,855
48 Ave & 5 St,2016,4270
5 Ave & 3 St,2016,2090
5 Ave & E 103 St,2016,2631
5 Ave & E 29 St,2013,20208
5 Ave & E 29 St,2014,33800
5 Ave & E 29 St,2015,40371
5 Ave & E 29 St,2016,36718
5 Ave & E 63 St,2015,6996
5 Ave & E 63 St,2016,7085
5 Ave & E 73 St,2015,8173
5 Ave & E 73 St,2016,34946
5 Ave & E 78 St,2015,8615
5 Ave & E 78 St,2016,34363
5 Ave & E 88 St,2016,9481
5 Ave & E 93 St,2016,3668
5 St & 6 Ave,2016,622
6 Ave & 12 St,2016,591
6 Ave & 9 St,2016,1043
6 Ave & Broome St,2013,10133
6 Ave & Broome St,2014,22024
6 Ave & Broome St,2015,25645
6 Ave & Broome St,2016,22442
6 Ave & Canal St,2013,12814
6 Ave & Canal St,2014,20582
6 Ave & Canal St,2015,22811
6 Ave & Canal St,2016,23218
6 Ave & W 33 St,2013,22435
6 Ave & W 33 St,2014,39610
6 Ave & W 33 St,2015,48066
6 Ave & W 33 St,2016,44221
6 St & 7 Ave,2016,752
7 Ave & Farragut St,2013,969
7 Ave & Farragut St,2014,457
7 Ave & Park Pl,2016,2634
7 St & 3 Ave,2016,89
7 St & 5 Ave,2016,867
78 St & 2 Ave,2016,680
8 Ave & W 16 St,2016,4108
8 Ave & W 31 St,2013,48405
8 Ave & W 31 St,2014,100498
8 Ave & W 31 St,2015,100796
8 Ave & W 31 St,2016,41878
8 Ave & W 31 St N,2016,7804
8 Ave & W 33 St,2013,36873
8 Ave & W 33 St,2014,58711
8 Ave & W 33 St,2015,64878
8 Ave & W 33 St,2016,63508
8 Ave & W 52 St,2013,21794
8 Ave & W 52 St,2014,29839
8 Ave & W 52 St,2015,36228
8 Ave & W 52 St,2016,31037
8D OPS 01,2016,8
9 Ave & W 14 St,2013,25074
9 Ave & W 14 St,2014,37282
9 Ave & W 14 St,2015,25199
9 Ave & W 16 St,2013,21909
9 Ave & W 16 St,2014,33972
9 Ave & W 16 St,2015,44824
9 Ave & W 16 St,2016,15095
9 Ave & W 18 St,2013,15582
9 Ave & W 18 St,2014,27647
9 Ave & W 18 St,2015,34089
9 Ave & W 18 St,2016,38359
9 Ave & W 22 St,2013,24573
9 Ave & W 22 St,2014,41360
9 Ave & W 22 St,2015,47922
9 Ave & W 22 St,2016,42331
9 Ave & W 28 St,2016,11070
9 Ave & W 45 St,2013,22325
9 Ave & W 45 St,2014,35266
9 Ave & W 45 St,2015,40561
9 Ave & W 45 St,2016,39618
9 St & 44 Rd,2015,1120
9 St & 44 Rd,2016,2113
Adelphi St & Myrtle Ave,2013,6075
Adelphi St & Myrtle Ave,2014,9828
Adelphi St & Myrtle Ave,2015,11627
Adelphi St & Myrtle Ave,2016,10502
Adventures NYC,2016,178
Albany Ave & Fulton St,2015,536
Albany Ave & Fulton St,2016,1141
Allen St & E Houston St,2013,20459
Allen St & E Houston St,2014,34637
Allen St & E Houston St,2015,38761
Allen St & E Houston St,2016,4267
Allen St & Hester St,2013,16006
Allen St & Hester St,2014,31166
Allen St & Hester St,2015,32610
Allen St & Hester St,2016,29279
Allen St & Rivington St,2013,22928
Allen St & Rivington St,2014,34018
Allen St & Rivington St,2015,39153
Allen St & Rivington St,2016,28646
Allen St & Stanton St,2016,25770
Amsterdam Ave & W 66 St,2016,480
Amsterdam Ave & W 73 St,2015,8138
Amsterdam Ave & W 73 St,2016,29252
Amsterdam Ave & W 79 St,2016,1033
Amsterdam Ave & W 82 St,2015,3715
Amsterdam Ave & W 82 St,2016,16538
Ashland Pl & Hanson Pl,2013,9913
Ashland Pl & Hanson Pl,2014,16182
Ashland Pl & Hanson Pl,2015,6424
Atlantic Ave & Fort Greene Pl,2013,8977
Atlantic Ave & Fort Greene Pl,2014,9777
Atlantic Ave & Fort Greene Pl,2015,11140
Atlantic Ave & Fort Greene Pl,2016,10034
Atlantic Ave & Furman St,2013,6610
Atlantic Ave & Furman St,2014,9953
Atlantic Ave & Furman St,2015,10939
Atlantic Ave & Furman St,2016,11742
Avenue D & E 12 St,2013,2921
Avenue D & E 12 St,2014,5052
Avenue D & E 12 St,2015,6672
Avenue D & E 12 St,2016,6464
Avenue D & E 3 St,2013,5658
Avenue D & E 3 St,2014,12250
Avenue D & E 3 St,2015,14556
Avenue D & E 3 St,2016,13123
Avenue D & E 8 St,2013,4718
Avenue D & E 8 St,2014,8795
Avenue D & E 8 St,2015,10213
Avenue D & E 8 St,2016,8700
Baltic St & 5 Ave,2016,1311
Bank St & Hudson St,2013,16637
Bank St & Hudson St,2014,26691
Bank St & Hudson St,2015,31008
Bank St & Hudson St,2016,30792
Bank St & Washington St,2013,15138
Bank St & Washington St,2014,21157
Bank St & Washington St,2015,24037
Bank St & Washington St,2016,24368
Banker St & Meserole Ave,2015,2709
Banker St & Meserole Ave,2016,7748
Barclay St & Church St,2013,28110
Barclay St & Church St,2014,36504
Barclay St & Church St,2015,52681
Barclay St & Church St,2016,40704
Barrow St & Hudson St,2013,27408
Barrow St & Hudson St,2014,41242
Barrow St & Hudson St,2015,58719
Barrow St & Hudson St,2016,46648
Bayard St & Baxter St,2013,15012
Bayard St & Baxter St,2014,24267
Bayard St & Baxter St,2015,26164
Bayard St & Baxter St,2016,25223
Bedford Ave & Nassau Ave,2015,6229
Bedford Ave & Nassau Ave,2016,15697
Bedford Ave & S 9 St,2015,1786
Bedford Ave & S 9 St,2016,3115
Bedford Ave & S 9th St,2013,1741
Bedford Ave & S 9th St,2014,2304
Bedford Ave & S 9th St,2015,935
Bergen St & Flatbush Ave,2016,299
Bergen St & Smith St,2016,775
Berkeley Pl & 6 Ave,2016,904
Berry St & N 8 St,2015,5500
Berry St & N 8 St,2016,13856
Bialystoker Pl & Delancey St,2013,8025
Bialystoker Pl & Delancey St,2014,12410
Bialystoker Pl & Delancey St,2015,22273
Bialystoker Pl & Delancey St,2016,16687
Bike The Branches - Central Branch,2016,62
Bike The Branches - Red Hook Branch,2016,20
Bike in Movie Night | Prospect Park Bandshell,2016,24
Boerum St & Broadway,2015,1471
Boerum St & Broadway,2016,3089
Bond St & Bergen St,2016,1108
Bond St & Fulton St,2015,1022
Bond St & Fulton St,2016,5032
Bond St & Schermerhorn St,2013,6225
Bond St & Schermerhorn St,2014,9561
Bond St & Schermerhorn St,2015,8002
Bond St & Schermerhorn St,2016,8430
Broad St & Bridge St,2013,6496
Broad St & Bridge St,2014,10086
Broad St & Bridge St,2015,11805
Broad St & Bridge St,2016,9659
Broadway & Battery Pl,2013,16358
Broadway & Battery Pl,2014,22922
Broadway & Battery Pl,2015,28172
Broadway & Battery Pl,2016,36674
Broadway & Berry St,2013,4412
Broadway & Berry St,2014,6939
Broadway & Berry St,2015,9747
Broadway & Berry St,2016,10915
Broadway & E 14 St,2013,42221
Broadway & E 14 St,2014,65852
Broadway & E 14 St,2015,73682
Broadway & E 14 St,2016,62665
Broadway & E 22 St,2013,35100
Broadway & E 22 St,2014,60932
Broadway & E 22 St,2015,67497
Broadway & E 22 St,2016,73865
Broadway & Roebling St,2015,808
Broadway & Roebling St,2016,8028
Broadway & W 24 St,2013,35090
Broadway & W 24 St,2014,58590
Broadway & W 24 St,2015,60968
Broadway & W 24 St,2016,57065
Broadway & W 29 St,2013,20349
Broadway & W 29 St,2014,32879
Broadway & W 29 St,2015,40819
Broadway & W 29 St,2016,38453
Broadway & W 32 St,2013,22696
Broadway & W 32 St,2014,38305
Broadway & W 32 St,2015,39169
Broadway & W 32 St,2016,38642
Broadway & W 36 St,2013,11816
Broadway & W 36 St,2014,24560
Broadway & W 36 St,2015,21921
Broadway & W 36 St,2016,18604
Broadway & W 37 St,2013,11045
Broadway & W 37 St,2014,22971
Broadway & W 37 St,2015,22011
Broadway & W 37 St,2016,19220
Broadway & W 39 St,2013,14210
Broadway & W 39 St,2014,22805
Broadway & W 39 St,2015,28630
Broadway & W 39 St,2016,28631
Broadway & W 41 St,2013,24469
Broadway & W 41 St,2014,43369
Broadway & W 41 St,2015,39405
Broadway & W 41 St,2016,31029
Broadway & W 49 St,2013,21874
Broadway & W 49 St,2014,33279
Broadway & W 49 St,2015,38216
Broadway & W 49 St,2016,39678
Broadway & W 51 St,2013,16670
Broadway & W 51 St,2014,26226
Broadway & W 51 St,2015,32548
Broadway & W 51 St,2016,25283
Broadway & W 53 St,2013,21262
Broadway & W 53 St,2014,21942
Broadway & W 53 St,2015,23449
Broadway & W 53 St,2016,25046
Broadway & W 55 St,2013,20632
Broadway & W 55 St,2014,25443
Broadway & W 55 St,2015,36269
Broadway & W 55 St,2016,35150
Broadway & W 58 St,2013,28849
Broadway & W 58 St,2014,41576
Broadway & W 58 St,2015,46566
Broadway & W 58 St,2016,42241
Broadway & W 60 St,2013,34385
Broadway & W 60 St,2014,56115
Broadway & W 60 St,2015,63291
Broadway & W 60 St,2016,46229
Broadway & Whipple St,2015,1299
Broadway & Whipple St,2016,3380
Brooklyn Bridge Park - Pier 2,2015,3327
Brooklyn Bridge Park - Pier 2,2016,7508
Bus Slip & State St,2014,13050
Bus Slip & State St,2015,20696
Bus Slip & State St,2016,18474
Bushwick Ave & Powers St,2015,2299
Bushwick Ave & Powers St,2016,4759
Butler St & Court St,2016,954
Cadman Plaza E & Red Cross Pl,2013,840
Cadman Plaza E & Red Cross Pl,2014,5968
Cadman Plaza E & Red Cross Pl,2015,10481
Cadman Plaza E & Red Cross Pl,2016,11037
Cadman Plaza E & Tillary St,2013,5569
Cadman Plaza E & Tillary St,2014,8193
Cadman Plaza E & Tillary St,2015,8878
Cadman Plaza E & Tillary St,2016,10349
Cadman Plaza W & Pierrepont St,2015,4434
Cadman Plaza W & Pierrepont St,2016,3182
Cadman Plaza West & Montague St,2014,8576
Cadman Plaza West & Montague St,2015,13632
Cadman Plaza West & Montague St,2016,2198
Cambridge Pl & Gates Ave,2015,1224
Cambridge Pl & Gates Ave,2016,2875
Canal St & Rutgers St,2013,16565
Canal St & Rutgers St,2014,30332
Canal St & Rutgers St,2015,34814
Canal St & Rutgers St,2016,31042
Carlton Ave & Flushing Ave,2015,4217
Carlton Ave & Flushing Ave,2016,6852
Carlton Ave & Park Ave,2013,3592
Carlton Ave & Park Ave,2014,2988
Carlton Ave & Park Ave,2015,4603
Carlton Ave & Park Ave,2016,4924
Carmine St & 6 Ave,2013,30913
Carmine St & 6 Ave,2014,52596
Carmine St & 6 Ave,2015,65614
Carmine St & 6 Ave,2016,60825
Carroll St & 5 Ave,2016,1138
Carroll St & 6 Ave,2016,1409
Carroll St & Bond St,2016,721
Carroll St & Columbia St,2016,921
Carroll St & Smith St,2016,1401
Cathedral Pkwy & Broadway,2016,3917
Catherine St & Monroe St,2013,6188
Catherine St & Monroe St,2014,13610
Catherine St & Monroe St,2015,14206
Catherine St & Monroe St,2016,13684
Center Blvd & Borden Ave,2015,169
Center Blvd & Borden Ave,2016,3751
Center BlvdÂ & Borden Ave,2015,1811
Central Park North & Adam Clayton Powell Blvd,2016,4808
Central Park S & 6 Ave,2013,23685
Central Park S & 6 Ave,2014,32894
Central Park S & 6 Ave,2015,57091
Central Park S & 6 Ave,2016,58550
Central Park W & W 96 St,2016,5905
Central Park West & W 100 St,2016,2245
Central Park West & W 102 St,2016,2851
Central Park West & W 68 St,2015,7621
Central Park West & W 68 St,2016,27571
Central Park West & W 72 St,2015,11795
Central Park West & W 72 St,2016,32779
Central Park West & W 76 St,2015,6971
Central Park West & W 76 St,2016,20948
Central Park West & W 85 St,2015,8870
Central Park West & W 85 St,2016,35025
Centre St & Chambers St,2013,28568
Centre St & Chambers St,2014,42485
Centre St & Chambers St,2015,56688
Centre St & Chambers St,2016,49720
Centre St & Worth St,2013,13557
Centre St & Worth St,2014,19714
Centre St & Worth St,2015,22059
Centre St & Worth St,2016,20116
Cherry St,2013,6616
Cherry St,2014,12352
Cherry St,2015,13422
Cherry St,2016,11764
Christopher St & Greenwich St,2013,28997
Christopher St & Greenwich St,2014,55320
Christopher St & Greenwich St,2015,60689
Christopher St & Greenwich St,2016,53175
Church St & Leonard St,2013,13388
Church St & Leonard St,2014,710
Clark St & Henry St,2013,10338
Clark St & Henry St,2014,12046
Clark St & Henry St,2015,15905
Clark St & Henry St,2016,13508
Clermont Ave & Lafayette Ave,2013,3709
Clermont Ave & Lafayette Ave,2014,5292
Clermont Ave & Lafayette Ave,2015,6187
Clermont Ave & Lafayette Ave,2016,5831
Clermont Ave & Park Ave,2013,2304
Clermont Ave & Park Ave,2014,4137
Clermont Ave & Park Ave,2015,4691
Clermont Ave & Park Ave,2016,3978
Cleveland Pl & Spring St,2013,36531
Cleveland Pl & Spring St,2014,60092
Cleveland Pl & Spring St,2015,70374
Cleveland Pl & Spring St,2016,62697
Cliff St & Fulton St,2013,16613
Cliff St & Fulton St,2014,23684
Cliff St & Fulton St,2015,21415
Cliff St & Fulton St,2016,18021
Clinton Ave & Flushing Ave,2013,2339
Clinton Ave & Flushing Ave,2014,4427
Clinton Ave & Flushing Ave,2015,5027
Clinton Ave & Flushing Ave,2016,6508
Clinton Ave & Myrtle Ave,2013,7266
Clinton Ave & Myrtle Ave,2014,13420
Clinton Ave & Myrtle Ave,2015,13776
Clinton Ave & Myrtle Ave,2016,12740
Clinton St & 4 Place,2016,1055
Clinton St & Centre St,2016,100
Clinton St & Grand St,2013,13038
Clinton St & Grand St,2014,18730
Clinton St & Grand St,2015,19842
Clinton St & Grand St,2016,19309
Clinton St & Joralemon St,2013,4981
Clinton St & Joralemon St,2014,8109
Clinton St & Joralemon St,2015,10116
Clinton St & Joralemon St,2016,9131
Clinton St & Tillary St,2013,6362
Clinton St & Tillary St,2014,6336
Clinton St & Tillary St,2015,9558
Clinton St & Tillary St,2016,10730
Clinton St & Union St,2016,1206
Coffey St & Conover St,2016,153
Columbia Heights & Cranberry St,2013,3697
Columbia Heights & Cranberry St,2014,5459
Columbia Heights & Cranberry St,2015,6256
Columbia Heights & Cranberry St,2016,5197
Columbia St & Degraw St,2016,1197
Columbia St & Kane St,2016,1032
Columbia St & Lorraine St,2016,167
Columbia St & Rivington St,2013,7795
Columbia St & Rivington St,2014,12474
Columbia St & Rivington St,2015,14482
Columbia St & Rivington St,2016,13117
Columbia St & W 9 St,2016,64
Columbus Ave & W 103 St,2016,458
Columbus Ave & W 72 St,2015,11493
Columbus Ave & W 72 St,2016,27725
Columbus Ave & W 95 St,2016,3981
Commerce St & Van Brunt St,2016,607
Concord St & Bridge St,2013,2818
Concord St & Bridge St,2014,4456
Concord St & Bridge St,2015,5337
Concord St & Bridge St,2016,6432
Congress St & Clinton St,2016,1772
Cooper Square & E 7 St,2016,29444
Court St & Nelson St,2016,771
Court St & State St,2016,1724
Cumberland St & Lafayette Ave,2013,5103
Cumberland St & Lafayette Ave,2014,8219
Cumberland St & Lafayette Ave,2015,7904
Cumberland St & Lafayette Ave,2016,7448
DeKalb Ave & Hudson Ave,2013,11229
DeKalb Ave & Hudson Ave,2014,12403
DeKalb Ave & Hudson Ave,2015,12931
DeKalb Ave & Hudson Ave,2016,11428
DeKalb Ave & S Portland Ave,2013,4348
DeKalb Ave & S Portland Ave,2014,6833
DeKalb Ave & S Portland Ave,2015,7847
DeKalb Ave & S Portland Ave,2016,7349
DeKalb Ave & Skillman St,2013,2185
DeKalb Ave & Skillman St,2014,3548
DeKalb Ave & Skillman St,2015,4028
DeKalb Ave & Skillman St,2016,4252
DeKalb Ave & Vanderbilt Ave,2013,4774
DeKalb Ave & Vanderbilt Ave,2014,7775
DeKalb Ave & Vanderbilt Ave,2015,9039
DeKalb Ave & Vanderbilt Ave,2016,9218
Dean St & 4 Ave,2013,8299
Dean St & 4 Ave,2014,11396
Dean St & 4 Ave,2015,12791
Dean St & 4 Ave,2016,11621
Dean St & Hoyt St,2016,867
Degraw St & Hoyt St,2016,4
Degraw St & Smith St,2016,997
Devoe St & Leonard St,2015,1989
Devoe St & Leonard St,2016,5161
Division Ave & Hooper St,2015,1545
Division Ave & Hooper St,2016,3677
Division Ave & Marcy Ave,2015,955
Division Ave & Marcy Ave,2016,1681
Division St & Bowery,2013,11950
Division St & Bowery,2014,19385
Division St & Bowery,2015,21563
Division St & Bowery,2016,20016
Douglass St & 3 Ave,2016,848
Douglass St & 4 Ave,2016,1094
Driggs Ave & Lorimer St,2015,3346
Driggs Ave & Lorimer St,2016,6412
Driggs Ave & N Henry St,2015,3865
Driggs Ave & N Henry St,2016,8231
Duane St & Greenwich St,2013,11098
Duane St & Greenwich St,2014,16349
Duane St & Greenwich St,2015,18375
Duane St & Greenwich St,2016,16739
Duffield St & Willoughby St,2013,3734
Duffield St & Willoughby St,2014,6683
Duffield St & Willoughby St,2015,7518
Duffield St & Willoughby St,2016,8503
E 10 St & 5 Ave,2013,16102
E 10 St & 5 Ave,2014,29195
E 10 St & 5 Ave,2015,29975
E 10 St & 5 Ave,2016,23048
E 10 St & Avenue A,2013,20118
E 10 St & Avenue A,2014,41006
E 10 St & Avenue A,2015,47014
E 10 St & Avenue A,2016,41941
E 102 St & 1 Ave,2016,1612
E 102 St & Park Ave,2016,651
E 103 St & Lexington Ave,2016,993
E 106 St & 1 Ave,2016,784
E 106 St & Lexington Ave,2016,193
E 106 St & Madison Ave,2016,665
E 109 St & 3 Ave,2016,1144
E 11 St & 1 Ave,2013,21417
E 11 St & 1 Ave,2014,31408
E 11 St & 1 Ave,2015,34834
E 11 St & 1 Ave,2016,32947
E 11 St & 2 Ave,2013,23818
E 11 St & 2 Ave,2014,39065
E 11 St & 2 Ave,2015,42528
E 11 St & 2 Ave,2016,38705
E 11 St & Broadway,2013,14757
E 11 St & Broadway,2014,24295
E 11 St & Broadway,2015,23989
E 11 St & Broadway,2016,21596
E 110 St & Madison Ave,2016,2136
E 12 St & 3 Ave,2013,20042
E 12 St & 3 Ave,2014,37538
E 12 St & 3 Ave,2015,44597
E 12 St & 3 Ave,2016,40609
E 13 St & Avenue A,2013,19955
E 13 St & Avenue A,2014,33827
E 13 St & Avenue A,2015,36304
E 13 St & Avenue A,2016,33225
E 14 St & Avenue B,2013,15100
E 14 St & Avenue B,2014,30908
E 14 St & Avenue B,2015,49620
E 14 St & Avenue B,2016,41807
E 15 St & 3 Ave,2013,17442
E 15 St & 3 Ave,2014,29743
E 15 St & 3 Ave,2015,41145
E 15 St & 3 Ave,2016,36598
E 16 St & 5 Ave,2013,17341
E 16 St & 5 Ave,2014,38808
E 16 St & 5 Ave,2015,45945
E 16 St & 5 Ave,2016,41984
E 16 St & Irving Pl,2013,20717
E 16 St & Irving Pl,2014,26953
E 16 St & Irving Pl,2015,33659
E 16 St & Irving Pl,2016,29813
E 17 St & Broadway,2013,49750
E 17 St & Broadway,2014,80166
E 17 St & Broadway,2015,86108
E 17 St & Broadway,2016,75591
E 19 St & 3 Ave,2013,19918
E 19 St & 3 Ave,2014,28236
E 19 St & 3 Ave,2015,25924
E 19 St & 3 Ave,2016,25138
E 2 St & 2 Ave,2013,16277
E 2 St & 2 Ave,2014,26716
E 2 St & 2 Ave,2015,30612
E 2 St & 2 Ave,2016,12244
E 2 St & Avenue B,2013,19142
E 2 St & Avenue B,2014,27309
E 2 St & Avenue B,2015,35948
E 2 St & Avenue B,2016,33326
E 2 St & Avenue C,2013,9981
E 2 St & Avenue C,2014,17947
E 2 St & Avenue C,2015,20002
E 2 St & Avenue C,2016,20059
E 20 St & 2 Ave,2013,17314
E 20 St & 2 Ave,2014,36533
E 20 St & 2 Ave,2015,43001
E 20 St & 2 Ave,2016,39765
E 20 St & FDR Drive,2013,14777
E 20 St & FDR Drive,2014,24989
E 20 St & FDR Drive,2015,31951
E 20 St & FDR Drive,2016,31714
E 20 St & Park Ave,2013,10550
E 20 St & Park Ave,2014,25845
E 20 St & Park Ave,2015,42243
E 20 St & Park Ave,2016,29457
E 23 St & 1 Ave,2013,19914
E 23 St & 1 Ave,2014,34105
E 23 St & 1 Ave,2015,41103
E 23 St & 1 Ave,2016,34110
E 24 St & Park Ave S,2014,32234
E 24 St & Park Ave S,2015,38834
E 24 St & Park Ave S,2016,34368
E 25 St & 1 Ave,2013,13434
E 25 St & 1 Ave,2014,23608
E 25 St & 1 Ave,2015,28997
E 25 St & 1 Ave,2016,27107
E 25 St & 2 Ave,2013,23327
E 25 St & 2 Ave,2014,30684
E 25 St & 2 Ave,2015,43400
E 25 St & 2 Ave,2016,38259
E 27 St & 1 Ave,2013,8581
E 27 St & 1 Ave,2014,21060
E 27 St & 1 Ave,2015,25972
E 27 St & 1 Ave,2016,26076
E 3 St & 1 Ave,2013,18854
E 3 St & 1 Ave,2014,33940
E 3 St & 1 Ave,2015,36244
E 3 St & 1 Ave,2016,32293
E 30 St & Park Ave S,2013,19595
E 30 St & Park Ave S,2014,33585
E 30 St & Park Ave S,2015,41841
E 30 St & Park Ave S,2016,32538
E 31 St & 3 Ave,2013,21419
E 31 St & 3 Ave,2014,34601
E 31 St & 3 Ave,2015,36180
E 31 St & 3 Ave,2016,30645
E 32 St & Park Ave,2013,26470
E 32 St & Park Ave,2014,43561
E 32 St & Park Ave,2015,48955
E 32 St & Park Ave,2016,46102
E 33 St & 1 Ave,2013,16171
E 33 St & 1 Ave,2014,15768
E 33 St & 2 Ave,2014,2595
E 33 St & 2 Ave,2015,44759
E 33 St & 2 Ave,2016,43075
E 33 St & 5 Ave,2013,12028
E 33 St & 5 Ave,2014,28387
E 33 St & 5 Ave,2015,36644
E 33 St & 5 Ave,2016,33182
E 35 St & 3 Ave,2016,1145
E 37 St & Lexington Ave,2013,11456
E 37 St & Lexington Ave,2014,19634
E 37 St & Lexington Ave,2015,20451
E 37 St & Lexington Ave,2016,5256
E 39 St & 2 Ave,2013,28898
E 39 St & 2 Ave,2014,38635
E 39 St & 2 Ave,2015,47852
E 39 St & 2 Ave,2016,41976
E 39 St & 3 Ave,2013,19951
E 39 St & 3 Ave,2014,34484
E 39 St & 3 Ave,2015,33916
E 39 St & 3 Ave,2016,36310
E 4 St & 2 Ave,2013,21318
E 4 St & 2 Ave,2014,31359
E 4 St & 2 Ave,2015,35818
E 4 St & 2 Ave,2016,23354
E 40 St & 5 Ave,2013,21226
E 40 St & 5 Ave,2014,34336
E 40 St & 5 Ave,2015,27722
E 40 St & 5 Ave,2016,35457
E 40 St & Madison Ave,2015,6860
E 40 St & Madison Ave,2016,85
E 41 St & Madison Ave,2014,18684
E 41 St & Madison Ave,2015,5806
E 41 St & Madison Ave,2016,16878
E 42 St & Vanderbilt Ave,2014,56308
E 43 St & 2 Ave,2013,8448
E 43 St & 2 Ave,2014,11906
E 43 St & 2 Ave,2015,13737
E 43 St & 2 Ave,2016,13341
E 43 St & Vanderbilt Ave,2013,32092
E 43 St & Vanderbilt Ave,2014,56264
E 43 St & Vanderbilt Ave,2015,40861
E 45 St & 3 Ave,2013,12439
E 45 St & 3 Ave,2014,20444
E 45 St & 3 Ave,2015,24623
E 45 St & 3 Ave,2016,22553
E 47 St & 1 Ave,2013,7185
E 47 St & 1 Ave,2014,11847
E 47 St & 1 Ave,2015,13381
E 47 St & 1 Ave,2016,11642
E 47 St & 2 Ave,2013,14019
E 47 St & 2 Ave,2014,18887
E 47 St & 2 Ave,2015,23685
E 47 St & 2 Ave,2016,23056
E 47 St & Park Ave,2013,16911
E 47 St & Park Ave,2014,29563
E 47 St & Park Ave,2015,41483
E 47 St & Park Ave,2016,56744
E 48 St & 3 Ave,2013,12993
E 48 St & 3 Ave,2014,21674
E 48 St & 3 Ave,2015,23466
E 48 St & 3 Ave,2016,22522
E 48 St & 5 Ave,2015,7734
E 48 St & 5 Ave,2016,29320
E 48 St & Madison Ave,2014,1781
E 48 St & Madison Ave,2015,12372
E 5 St & Avenue C,2013,9313
E 5 St & Avenue C,2014,15943
E 5 St & Avenue C,2015,17853
E 5 St & Avenue C,2016,16565
E 51 St & 1 Ave,2013,10481
E 51 St & 1 Ave,2014,13281
E 51 St & 1 Ave,2015,15766
E 51 St & 1 Ave,2016,14682
E 51 St & Lexington Ave,2013,14974
E 51 St & Lexington Ave,2014,19074
E 51 St & Lexington Ave,2015,22755
E 51 St & Lexington Ave,2016,17762
E 52 St & 2 Ave,2013,7599
E 52 St & 2 Ave,2014,14969
E 52 St & 2 Ave,2015,20788
E 52 St & 2 Ave,2016,21100
E 53 St & Lexington Ave,2013,13911
E 53 St & Lexington Ave,2014,17012
E 53 St & Lexington Ave,2015,19170
E 53 St & Lexington Ave,2016,27254
E 53 St & Madison Ave,2013,13482
E 53 St & Madison Ave,2014,14987
E 53 St & Madison Ave,2015,19264
E 53 St & Madison Ave,2016,18708
E 55 St & 2 Ave,2013,10516
E 55 St & 2 Ave,2014,14393
E 55 St & 2 Ave,2015,19397
E 55 St & 2 Ave,2016,21361
E 55 St & 3 Ave,2015,8680
E 55 St & 3 Ave,2016,19284
E 55 St & Lexington Ave,2013,7027
E 55 St & Lexington Ave,2014,12750
E 55 St & Lexington Ave,2015,15987
E 55 St & Lexington Ave,2016,13746
E 56 St & 3 Ave,2013,11660
E 56 St & 3 Ave,2014,16066
E 56 St & 3 Ave,2015,9156
E 56 St & Madison Ave,2013,10185
E 56 St & Madison Ave,2014,17024
E 56 St & Madison Ave,2015,21412
E 56 St & Madison Ave,2016,17091
E 58 St & 1 Ave,2016,9014
E 58 St & 3 Ave,2013,21278
E 58 St & 3 Ave,2014,33254
E 58 St & 3 Ave,2015,36061
E 58 St & 3 Ave,2016,31050
E 59 St & Madison Ave,2015,6912
E 59 St & Madison Ave,2016,16659
E 59 St & Sutton Pl,2013,9349
E 59 St & Sutton Pl,2014,16461
E 59 St & Sutton Pl,2015,6323
E 6 St & Avenue B,2013,18951
E 6 St & Avenue B,2014,26373
E 6 St & Avenue B,2015,27481
E 6 St & Avenue B,2016,27446
E 6 St & Avenue D,2013,6613
E 6 St & Avenue D,2014,12169
E 6 St & Avenue D,2015,14670
E 6 St & Avenue D,2016,12985
E 60 St & York Ave,2015,9799
E 60 St & York Ave,2016,7655
E 61 St & Park Ave,2016,5340
E 65 St & 2 Ave,2016,8
E 66 St & Madison Ave,2016,711
E 67 St & Lexington Ave,2015,2618
E 67 St & Park Ave,2015,6484
E 67 St & Park Ave,2016,13659
E 68 St & 3 Ave,2016,5739
E 68 St & Madison Ave,2016,719
E 7 St & Avenue A,2013,18677
E 7 St & Avenue A,2014,35633
E 7 St & Avenue A,2015,50335
E 7 St & Avenue A,2016,39078
E 71 St & 2 Ave,2015,427
E 71 St & 2 Ave,2016,10395
E 72 St & Park Ave,2015,6978
E 72 St & Park Ave,2016,14229
E 72 St & York Ave,2015,11371
E 72 St & York Ave,2016,27035
E 74 St & 1 Ave,2016,524
E 75 St & 3 Ave,2015,7522
E 75 St & 3 Ave,2016,15712
E 76 St & Park Ave,2016,1112
E 77 St & 3 Ave,2015,2063
E 77 St & 3 Ave,2016,10915
E 77 St & Park Ave,2015,274
E 77 St & Park Ave,2016,6454
E 80 St & 2 Ave,2015,473
E 80 St & 2 Ave,2016,10037
E 81 St & 3 Ave,2015,4184
E 81 St & 3 Ave,2016,11265
E 81 St & Park Ave,2015,4288
E 81 St & Park Ave,2016,6365
E 81 St & York Ave,2015,1904
E 81 St & York Ave,2016,13245
E 82 St & 2 Ave,2015,3107
E 84 St & 1 Ave,2015,5340
E 84 St & 1 Ave,2016,15108
E 84 St & Park Ave,2015,9848
E 84 St & Park Ave,2016,25031
E 85 St & 3 Ave,2015,9006
E 85 St & 3 Ave,2016,28746
E 85 St & York Ave,2015,6735
E 85 St & York Ave,2016,14163
E 88 St & 1 Ave,2016,3294
E 88 St & Park Ave,2016,1898
E 89 St & 3 Ave,2016,3383
E 89 St & York Ave,2016,2311
E 9 St & Avenue C,2013,15569
E 9 St & Avenue C,2014,26059
E 9 St & Avenue C,2015,24496
E 9 St & Avenue C,2016,26154
E 91 St & 2 Ave,2016,3371
E 91 St & Park Ave,2016,2176
E 95 St & 3 Ave,2016,2082
E 97 St & 3 Ave,2016,821
E 97 St & Madison Ave,2016,3075
E.T. Bike-In Movie Valet Station,2015,315
East End Ave & E 86 St,2015,1796
East End Ave & E 86 St,2016,7718
Elizabeth St & Hester St,2013,18271
Elizabeth St & Hester St,2014,27674
Elizabeth St & Hester St,2015,31308
Elizabeth St & Hester St,2016,31545
Emerson Pl & Myrtle Ave,2013,3325
Emerson Pl & Myrtle Ave,2014,5132
Emerson Pl & Myrtle Ave,2015,6431
Emerson Pl & Myrtle Ave,2016,5969
FDR Drive & E 35 St,2013,15129
FDR Drive & E 35 St,2014,24600
FDR Drive & E 35 St,2015,30839
FDR Drive & E 35 St,2016,27129
Flushing Ave & Carlton Ave,2013,3881
Flushing Ave & Carlton Ave,2014,5531
Flushing Ave & Carlton Ave,2015,2429
Forsyth St & Broome St,2013,17574
Forsyth St & Broome St,2014,30521
Forsyth St & Broome St,2015,35288
Forsyth St & Broome St,2016,33140
Forsyth St & Canal St,2013,12597
Forsyth St & Canal St,2014,20096
Forsyth St & Canal St,2015,23816
Forsyth St & Canal St,2016,23217
Franklin Ave & Myrtle Ave,2013,1481
Franklin Ave & Myrtle Ave,2014,2883
Franklin Ave & Myrtle Ave,2015,2893
Franklin Ave & Myrtle Ave,2016,3074
Franklin St & Dupont St,2015,2684
Franklin St & Dupont St,2016,5969
Franklin St & W Broadway,2013,17516
Franklin St & W Broadway,2014,19944
Franklin St & W Broadway,2015,22808
Franklin St & W Broadway,2016,20713
Front St & Gold St,2013,3880
Front St & Gold St,2014,5537
Front St & Gold St,2015,5955
Front St & Gold St,2016,6110
Front St & Maiden Ln,2013,11069
Front St & Maiden Ln,2014,16110
Front St & Maiden Ln,2015,17725
Front St & Maiden Ln,2016,16884
Front St & Washington St,2013,10569
Front St & Washington St,2014,14721
Front St & Washington St,2015,15654
Front St & Washington St,2016,16373
Frost St & Meeker St,2015,1731
Frost St & Meeker St,2016,3398
Fulton St & Broadway,2015,8460
Fulton St & Broadway,2016,18443
Fulton St & Clermont Ave,2013,2533
Fulton St & Clermont Ave,2014,4184
Fulton St & Clermont Ave,2015,6829
Fulton St & Clermont Ave,2016,6200
Fulton St & Grand Ave,2013,3723
Fulton St & Grand Ave,2014,5787
Fulton St & Grand Ave,2015,7002
Fulton St & Grand Ave,2016,5635
Fulton St & Rockwell Pl,2013,10993
Fulton St & Rockwell Pl,2014,6683
Fulton St & Rockwell Pl,2015,7202
Fulton St & Rockwell Pl,2016,6266
Fulton St & Utica Ave,2015,1207
Fulton St & Utica Ave,2016,3061
Fulton St & Washington Ave,2015,4645
Fulton St & Washington Ave,2016,11272
Fulton St & Waverly Ave,2013,5593
Fulton St & Waverly Ave,2014,7825
Fulton St & Waverly Ave,2015,454
Fulton St & William St,2013,12283
Fulton St & William St,2014,20018
Fulton St & William St,2015,20665
Fulton St & William St,2016,17828
Gallatin Pl & Livingston St,2013,2397
Gallatin Pl & Livingston St,2014,3920
Gallatin Pl & Livingston St,2015,4355
Garfield Pl & 8 Ave,2016,239
Graham Ave & Conselyea St,2015,5182
Graham Ave & Conselyea St,2016,10837
Graham Ave & Grand St,2015,1983
Graham Ave & Grand St,2016,4432
Graham Ave & Herbert St,2015,1326
Graham Ave & Herbert St,2016,3757
Graham Ave & Withers St,2015,1861
Graham Ave & Withers St,2016,4488
Grand Army Plaza & Central Park S,2013,26786
Grand Army Plaza & Central Park S,2014,42058
Grand Army Plaza & Central Park S,2015,52030
Grand Army Plaza & Central Park S,2016,42941
Grand Army Plaza & Plaza St West,2016,1182
Grand St & Elizabeth St,2016,25
Grand St & Greene St,2013,12971
Grand St & Greene St,2014,22778
Grand St & Greene St,2015,27105
Grand St & Greene St,2016,23563
Grand St & Havemeyer St,2013,5216
Grand St & Havemeyer St,2014,6570
Grand St & Havemeyer St,2015,11152
Grand St & Havemeyer St,2016,10749
Great Jones St,2013,22931
Great Jones St,2014,40917
Great Jones St,2015,32318
Great Jones St,2016,49123
Greene Ave & Nostrand Ave,2015,921
Greene Ave & Nostrand Ave,2016,3037
Greene Ave & Throop Ave,2015,1204
Greene Ave & Throop Ave,2016,2379
Greenpoint Ave & Manhattan Ave,2015,4171
Greenpoint Ave & Manhattan Ave,2016,9690
Greenwich Ave & 8 Ave,2013,32420
Greenwich Ave & 8 Ave,2014,55650
Greenwich Ave & 8 Ave,2015,67950
Greenwich Ave & 8 Ave,2016,62992
Greenwich Ave & Charles St,2013,14185
Greenwich Ave & Charles St,2014,28529
Greenwich Ave & Charles St,2015,34237
Greenwich Ave & Charles St,2016,33611
Greenwich St & Hubert St,2016,28
Greenwich St & N Moore St,2013,20224
Greenwich St & N Moore St,2014,31745
Greenwich St & N Moore St,2015,36330
Greenwich St & N Moore St,2016,18147
Greenwich St & North Moore St,2016,13384
Greenwich St & W Houston St,2015,27691
Greenwich St & W Houston St,2016,40717
Greenwich St & Warren St,2013,23623
Greenwich St & Warren St,2014,40880
Greenwich St & Warren St,2015,45764
Greenwich St & Warren St,2016,36788
Halsey St & Tompkins Ave,2015,1235
Halsey St & Tompkins Ave,2016,3174
Hancock St & Bedford Ave,2013,2036
Hancock St & Bedford Ave,2014,3691
Hancock St & Bedford Ave,2015,2955
Hancock St & Bedford Ave,2016,3691
Hanover Pl & Livingston St,2013,1410
Hanover Pl & Livingston St,2014,1975
Hanover Pl & Livingston St,2015,2283
Hanson Pl & Ashland Pl,2016,2734
Hanson Pl & St Felix St,2015,6755
Hanson Pl & St Felix St,2016,15253
Harrison St & Hudson St,2013,9331
Harrison St & Hudson St,2014,12625
Harrison St & Hudson St,2015,15779
Harrison St & Hudson St,2016,14775
Henry St & Atlantic Ave,2013,8674
Henry St & Atlantic Ave,2014,10752
Henry St & Atlantic Ave,2015,12171
Henry St & Atlantic Ave,2016,11116
Henry St & Bay St,2016,256
Henry St & Degraw St,2016,1426
Henry St & Grand St,2013,7152
Henry St & Grand St,2014,21476
Henry St & Grand St,2015,18300
Henry St & Grand St,2016,20145
Henry St & Poplar St,2013,3550
Henry St & Poplar St,2014,6399
Henry St & Poplar St,2015,3780
Henry St & Poplar St,2016,5305
Henry St & W 9 St,2016,166
Hicks St & Montague St,2013,7474
Hicks St & Montague St,2014,12090
Hicks St & Montague St,2015,10503
Hicks St & Montague St,2016,10523
Hope St & Union Ave,2015,1901
Hope St & Union Ave,2016,7806
Howard St & Centre St,2013,18642
Howard St & Centre St,2014,26087
Howard St & Centre St,2015,30061
Howard St & Centre St,2016,27219
Hoyt St & Warren St,2016,427
Hudson St & Reade St,2013,13253
Hudson St & Reade St,2014,19336
Hudson St & Reade St,2015,22611
Hudson St & Reade St,2016,19605
Humboldt St & Varet St,2015,1410
Humboldt St & Varet St,2016,4030
Huron St & Franklin St,2015,1408
Huron St & Franklin St,2016,8980
India St & East River,2015,1198
India St & East River,2016,2749
India St & Manhattan Ave,2015,3734
India St & Manhattan Ave,2016,8170
Jackson Ave & 46 Rd,2015,1788
Jackson Ave & 46 Rd,2016,3257
Jay St & Tech Pl,2013,3892
Jay St & Tech Pl,2014,11440
Jay St & Tech Pl,2015,13141
Jay St & Tech Pl,2016,9288
John St & William St,2013,11353
John St & William St,2014,17809
John St & William St,2015,17480
John St & William St,2016,15395
Johnson St & Gold St,2013,5655
Johnson St & Gold St,2014,8807
Johnson St & Gold St,2015,10735
Johnson St & Gold St,2016,9347
Joralemon St & Adams St,2013,10963
Joralemon St & Adams St,2014,15947
Joralemon St & Adams St,2015,1448
Kane St & Clinton St,2016,1004
Kent Ave & N 7 St,2015,10609
Kent Ave & N 7 St,2016,23394
Kent Ave & S 11 St,2013,3297
Kent Ave & S 11 St,2014,4921
Kent Ave & S 11 St,2015,8964
Kent Ave & S 11 St,2016,11234
KentAve&N7 St,2016,1433
Kingston Ave & Herkimer St,2015,712
Kingston Ave & Herkimer St,2016,1918
Kiosk in a box Deployment,2016,7
Kiosk in a box Motivate,2016,141
Kosciuszko St & Nostrand Ave,2015,872
Kosciuszko St & Nostrand Ave,2016,2438
Kosciuszko St & Tompkins Ave,2015,1013
Kosciuszko St & Tompkins Ave,2016,3266
LaGuardia Pl & W 3 St,2013,22879
LaGuardia Pl & W 3 St,2014,36971
LaGuardia Pl & W 3 St,2015,42370
LaGuardia Pl & W 3 St,2016,42047
Lafayette Ave & Classon Ave,2013,3423
Lafayette Ave & Classon Ave,2014,4549
Lafayette Ave & Classon Ave,2015,5737
Lafayette Ave & Classon Ave,2016,6636
Lafayette Ave & Fort Greene Pl,2013,5425
Lafayette Ave & Fort Greene Pl,2014,7925
Lafayette Ave & Fort Greene Pl,2015,8236
Lafayette Ave & Fort Greene Pl,2016,7894
Lafayette Ave & St James Pl,2013,3271
Lafayette Ave & St James Pl,2014,4432
Lafayette Ave & St James Pl,2015,5810
Lafayette Ave & St James Pl,2016,7133
Lafayette St & E 8 St,2013,46734
Lafayette St & E 8 St,2014,86692
Lafayette St & E 8 St,2015,95890
Lafayette St & E 8 St,2016,47744
Lafayette St & Jersey St,2013,9920
Lafayette St & Jersey St,2014,44081
Lafayette St & Jersey St,2015,60945
Lafayette St & Jersey St,2016,37417
Lafayette St & Jersey St N,2016,4249
Laight St & Hudson St,2013,5108
Laight St & Hudson St,2014,7617
Laight St & Hudson St,2015,9155
Laight St & Hudson St,2016,8574
Lawrence St & Willoughby St,2013,26320
Lawrence St & Willoughby St,2014,13521
Lawrence St & Willoughby St,2015,13516
Lawrence St & Willoughby St,2016,16293
Lefferts Pl & Franklin Ave,2013,3793
Lefferts Pl & Franklin Ave,2014,5234
Lefferts Pl & Franklin Ave,2015,6265
Lefferts Pl & Franklin Ave,2016,6644
Leonard St & Bayard St,2015,2008
Leonard St & Bayard St,2016,4330
Leonard St & Boerum St,2015,1077
Leonard St & Boerum St,2016,2899
Leonard St & Church St,2014,13746
Leonard St & Church St,2015,19910
Leonard St & Church St,2016,19814
Leonard St & Grand St,2015,2563
Leonard St & Grand St,2016,5778
Leonard St & Manhattan Ave,2015,544
Leonard St & Manhattan Ave,2016,3061
Leonard St & Meeker Ave,2015,364
Leonard St & Meeker Ave,2016,2192
Lewis Ave & Decatur St,2015,682
Lewis Ave & Decatur St,2016,1603
Lewis Ave & Kosciuszko St,2015,1100
Lewis Ave & Kosciuszko St,2016,2973
Lewis Ave & Madison St,2015,1633
Lewis Ave & Madison St,2016,4517
Lexington Ave & Classon Ave,2013,2999
Lexington Ave & Classon Ave,2014,4005
Lexington Ave & Classon Ave,2015,4908
Lexington Ave & Classon Ave,2016,5189
Lexington Ave & E 24 St,2013,25181
Lexington Ave & E 24 St,2014,39459
Lexington Ave & E 24 St,2015,59505
Lexington Ave & E 24 St,2016,46627
Lexington Ave & E 26 St,2013,24581
Lexington Ave & E 26 St,2014,41648
Lexington Ave & E 26 St,2015,1065
Lexington Ave & E 29 St,2015,17073
Lexington Ave & E 29 St,2016,33871
Lexington Ave & E 63 St,2015,3501
Lexington Ave & E 63 St,2016,16875
Liberty St & Broadway,2013,18768
Liberty St & Broadway,2014,27897
Liberty St & Broadway,2015,27570
Liberty St & Broadway,2016,27972
Lispenard St & Broadway,2013,13837
Lispenard St & Broadway,2014,22545
Lispenard St & Broadway,2015,26696
Lispenard St & Broadway,2016,22538
Little West St & 1 Pl,2013,9561
Little West St & 1 Pl,2014,21491
Little West St & 1 Pl,2015,29600
Little West St & 1 Pl,2016,38104
Lorimer St & Broadway,2015,1150
Lorimer St & Broadway,2016,2549
MacDougal St & Prince St,2013,28836
MacDougal St & Prince St,2014,41063
MacDougal St & Prince St,2015,43468
MacDougal St & Prince St,2016,44568
MacDougal St & Washington Sq,2013,15287
MacDougal St & Washington Sq,2014,24349
MacDougal St & Washington Sq,2015,30680
MacDougal St & Washington Sq,2016,26560
Macon St & Nostrand Ave,2013,2722
Macon St & Nostrand Ave,2014,2790
Macon St & Nostrand Ave,2015,6437
Macon St & Nostrand Ave,2016,8372
Madison Ave & E 82 St,2016,34
Madison Ave & E 99 St,2016,1512
Madison St & Clinton St,2013,6855
Madison St & Clinton St,2014,12891
Madison St & Clinton St,2015,14384
Madison St & Clinton St,2016,13395
Madison St & Montgomery St,2013,7484
Madison St & Montgomery St,2014,13185
Madison St & Montgomery St,2015,11637
Madison St & Montgomery St,2016,9780
Maiden Ln & Pearl St,2013,14899
Maiden Ln & Pearl St,2014,19392
Maiden Ln & Pearl St,2015,18909
Maiden Ln & Pearl St,2016,16525
Marcus Garvey Blvd & Macon St,2015,772
Marcus Garvey Blvd & Macon St,2016,2456
Marcy Ave & Lafayette Ave,2015,523
Marcy Ave & Lafayette Ave,2016,1910
Marcy Ave & MacDonough St,2015,522
Marcy Ave & MacDonough St,2016,394
Market St & Cherry St,2013,6189
Market St & Cherry St,2014,9844
Market St & Cherry St,2015,11952
Market St & Cherry St,2016,11471
McGuinness Blvd & Eagle St,2015,3049
McGuinness Blvd & Eagle St,2016,6966
McKibbin St & Manhattan Ave,2015,864
McKibbin St & Manhattan Ave,2016,2550
Mercer St & Bleecker St,2013,24794
Mercer St & Bleecker St,2014,41561
Mercer St & Bleecker St,2015,46300
Mercer St & Bleecker St,2016,21566
Mercer St & Bleecker St S,2016,75
Mercer St & Spring St,2013,16670
Mercer St & Spring St,2014,24990
Mercer St & Spring St,2015,26314
Mercer St & Spring St,2016,23924
Meserole Ave & Manhattan Ave,2015,3877
Meserole Ave & Manhattan Ave,2016,9651
Metropolitan Ave & Bedford Ave,2013,11597
Metropolitan Ave & Bedford Ave,2014,17176
Metropolitan Ave & Bedford Ave,2015,17872
Metropolitan Ave & Bedford Ave,2016,17955
Metropolitan Ave & Meeker Ave,2015,4096
Metropolitan Ave & Meeker Ave,2016,9951
Milton St & Franklin St,2015,5330
Milton St & Franklin St,2016,15674
Mobile 01,2015,1039
Monroe St & Bedford Ave,2013,2293
Monroe St & Bedford Ave,2014,4550
Monroe St & Bedford Ave,2015,5510
Monroe St & Bedford Ave,2016,5108
Monroe St & Classon Ave,2013,1702
Monroe St & Classon Ave,2014,2195
Monroe St & Classon Ave,2015,2808
Monroe St & Classon Ave,2016,3289
Monroe St & Tompkins Ave,2015,13
Monroe St & Tompkins Ave,2016,3026
Montague St & Clinton St,2013,5813
Montague St & Clinton St,2014,486
Montague St & Clinton St,2016,8420
Montrose Ave & Bushwick Ave,2015,3291
Montrose Ave & Bushwick Ave,2016,8652
Mott St & Prince St,2013,23339
Mott St & Prince St,2014,38552
Mott St & Prince St,2015,38699
Mott St & Prince St,2016,41081
Murray St & West St,2013,11936
Murray St & West St,2014,18576
Murray St & West St,2015,20713
Murray St & West St,2016,20049
Myrtle Ave & Lewis Ave,2015,2182
Myrtle Ave & Lewis Ave,2016,6453
Myrtle Ave & Marcy Ave,2015,1214
Myrtle Ave & Marcy Ave,2016,3022
Myrtle Ave & St Edwards St,2013,2002
Myrtle Ave & St Edwards St,2014,3330
Myrtle Ave & St Edwards St,2015,4309
Myrtle Ave & St Edwards St,2016,4124
N 11 St & Wythe Ave,2015,3945
N 11 St & Wythe Ave,2016,7514
N 12 St & Bedford Ave,2015,4091
N 12 St & Bedford Ave,2016,8321
N 15 St & Wythe Ave,2015,1047
N 15 St & Wythe Ave,2016,3154
N 6 St & Bedford Ave,2015,9098
N 6 St & Bedford Ave,2016,23220
N 8 St & Driggs Ave,2015,9222
N 8 St & Driggs Ave,2016,20617
N Henry St & Richardson St,2015,3035
N Henry St & Richardson St,2016,1990
NYCBS Depot - FAR,2016,3
NYCBS Depot - PIT,2016,17
NYCBS Depot - SSP,2015,15
NYCBS Depot - SSP,2016,487
NYCBS Depot - STY,2016,107
Nassau Ave & Newell St,2016,5626
Nassau Ave & Russell St,2015,5168
Nassau Ave & Russell St,2016,10555
Nassau St & Navy St,2013,2420
Nassau St & Navy St,2014,3944
Nassau St & Navy St,2015,4958
Nassau St & Navy St,2016,5247
Norfolk St & Broome St,2013,12614
Norfolk St & Broome St,2014,18993
Norfolk St & Broome St,2015,21843
Norfolk St & Broome St,2016,20426
Norman Ave & Leonard St,2015,2891
Norman Ave & Leonard St,2016,5874
Nostrand Ave & Myrtle Ave,2015,670
Nostrand Ave & Myrtle Ave,2016,1822
Old Fulton St,2013,8308
Old Fulton St,2014,13106
Old Fulton St,2015,19412
Old Fulton St,2016,18824
Old Slip & Front St,2013,8603
Old Slip & Front St,2014,12213
Old Slip & Front St,2015,14166
Old Slip & Front St,2016,13592
PABT Valet,2015,4437
PABT Valet,2016,2477
Pacific St & Nevins St,2016,355
Park Ave & Marcus Garvey Blvd,2015,519
Park Ave & Marcus Garvey Blvd,2016,1630
Park Ave & St Edwards St,2013,1116
Park Ave & St Edwards St,2014,1815
Park Ave & St Edwards St,2015,1858
Park Ave & St Edwards St,2016,1866
Park Pl & Church St,2013,14931
Park Pl & Church St,2014,18624
Pearl St & Anchorage Pl,2013,6714
Pearl St & Anchorage Pl,2014,9339
Pearl St & Anchorage Pl,2015,10166
Pearl St & Anchorage Pl,2016,10033
Pearl St & Hanover Square,2013,12716
Pearl St & Hanover Square,2014,18285
Pearl St & Hanover Square,2015,20999
Pearl St & Hanover Square,2016,17038
Peck Slip & Front St,2015,26452
Peck Slip & Front St,2016,26253
Peck Slip & Front Street,2014,9275
Penn Station Valet,2015,16467
Penn Station Valet,2016,44185
Perry St & Bleecker St,2013,14052
Perry St & Bleecker St,2014,22529
Perry St & Bleecker St,2015,23931
Perry St & Bleecker St,2016,20508
Pershing Square N,2013,50340
Pershing Square N,2014,6353
Pershing Square North,2014,29476
Pershing Square North,2015,104813
Pershing Square North,2016,111892
Pershing Square S,2013,28927
Pershing Square S,2014,3058
Pershing Square South,2014,10702
Pershing Square South,2015,50675
Pershing Square South,2016,33357
Pier 40 - Hudson River Park,2016,21325
Pike St & E Broadway,2013,7963
Pike St & E Broadway,2014,18306
Pike St & E Broadway,2015,20924
Pike St & E Broadway,2016,18211
Pike St & Monroe St,2013,6143
Pike St & Monroe St,2014,10520
Pike St & Monroe St,2015,11578
Pike St & Monroe St,2016,9578
Pioneer St & Richards St,2016,126
Pioneer St & Van Brunt St,2016,374
Pitt St & Stanton St,2013,4214
Pitt St & Stanton St,2014,6758
Pitt St & Stanton St,2015,7481
Pitt St & Stanton St,2016,6536
Plaza St West & Flatbush Ave,2016,1669
President St & Henry St,2016,739
Prospect Park West & 8 St,2016,1285
Prospect Pl & 6 Ave,2016,1293
Pulaski St & Marcus Garvey Blvd,2015,522
Pulaski St & Marcus Garvey Blvd,2016,1397
Putnam Ave & Nostrand Ave,2015,855
Putnam Ave & Nostrand Ave,2016,2040
Putnam Ave & Throop Ave,2015,1382
Putnam Ave & Throop Ave,2016,2753
Queens Plaza North & Crescent St,2015,5725
Queens Plaza North & Crescent St,2016,13672
Railroad Ave & Kay Ave,2013,500
Railroad Ave & Kay Ave,2014,843
Railroad Ave & Kay Ave,2015,612
Railroad Ave & Kay Ave,2016,455
Reade St & Broadway,2013,12021
Reade St & Broadway,2014,18880
Reade St & Broadway,2015,20263
Reade St & Broadway,2016,17535
Reed St & Van Brunt St,2016,1011
Richards St & Delavan St,2016,241
Richardson St & N Henry St,2016,540
Riverside Blvd & W 67 St,2015,4375
Riverside Blvd & W 67 St,2016,22002
Riverside Dr & W 104 St,2016,2373
Riverside Dr & W 72 St,2015,4840
Riverside Dr & W 72 St,2016,16349
Riverside Dr & W 78 St,2015,5280
Riverside Dr & W 78 St,2016,14218
Riverside Dr & W 82 St,2015,6652
Riverside Dr & W 82 St,2016,16659
Riverside Dr & W 91 St,2016,2407
Rivington St & Chrystie St,2013,13269
Rivington St & Chrystie St,2014,20759
Rivington St & Chrystie St,2015,21510
Rivington St & Chrystie St,2016,23529
Rivington St & Ridge St,2013,8941
Rivington St & Ridge St,2014,15325
Rivington St & Ridge St,2015,12986
Rivington St & Ridge St,2016,13548
Roebling St & N 4 St,2015,1962
Roebling St & N 4 St,2016,6139
S 3 St & Bedford Ave,2013,5074
S 3 St & Bedford Ave,2014,7193
S 3 St & Bedford Ave,2015,9298
S 3 St & Bedford Ave,2016,12681
S 4 St & Rodney St,2015,1066
S 4 St & Rodney St,2016,4785
S 4 St & Wythe Ave,2013,4528
S 4 St & Wythe Ave,2014,7591
S 4 St & Wythe Ave,2015,10560
S 4 St & Wythe Ave,2016,16196
S 5 Pl & S 4 St,2013,11002
S 5 Pl & S 4 St,2014,19405
S 5 Pl & S 4 St,2015,26643
S 5 Pl & S 4 St,2016,24934
S Portland Ave & Hanson Pl,2013,3041
S Portland Ave & Hanson Pl,2014,5438
S Portland Ave & Hanson Pl,2015,5829
S Portland Ave & Hanson Pl,2016,5388
SSP Tech Workshop,2016,8
Sands St & Gold St,2013,2330
Sands St & Gold St,2014,1362
Sands St & Navy St,2014,1010
Sands St & Navy St,2015,1628
Sands St & Navy St,2016,2498
Schermerhorn St & Court St,2015,15
Schermerhorn St & Court St,2016,10975
Scholes St & Manhattan Ave,2015,1658
Scholes St & Manhattan Ave,2016,4218
Shevchenko Pl & E 6 St,2013,13180
Shevchenko Pl & E 6 St,2014,6147
Shevchenko Pl & E 7 St,2014,24014
Shevchenko Pl & E 7 St,2015,31209
Shevchenko Pl & E 7 St,2016,21777
Smith St & 3 St,2016,592
Smith St & 9 St,2016,785
Soissons Landing,2015,2380
Soissons Landing,2016,5850
South End Ave & Liberty St,2013,19303
South End Ave & Liberty St,2014,45461
South End Ave & Liberty St,2015,49301
South End Ave & Liberty St,2016,56395
South St & Gouverneur Ln,2013,14232
South St & Gouverneur Ln,2014,21048
South St & Gouverneur Ln,2015,24323
South St & Gouverneur Ln,2016,24962
South St & Whitehall St,2013,9931
South St & Whitehall St,2014,17011
South St & Whitehall St,2015,20655
South St & Whitehall St,2016,19293
Spruce St & Nassau St,2013,12466
Spruce St & Nassau St,2014,17567
Spruce St & Nassau St,2015,19309
Spruce St & Nassau St,2016,17048
St James Pl & Oliver St,2013,9626
St James Pl & Oliver St,2014,15256
St James Pl & Oliver St,2015,16639
St James Pl & Oliver St,2016,14921
St James Pl & Pearl St,2013,6620
St James Pl & Pearl St,2014,9771
St James Pl & Pearl St,2015,9883
St James Pl & Pearl St,2016,8711
St Marks Pl & 1 Ave,2013,16590
St Marks Pl & 1 Ave,2014,27898
St Marks Pl & 1 Ave,2015,33542
St Marks Pl & 1 Ave,2016,25284
St Marks Pl & 2 Ave,2013,21360
St Marks Pl & 2 Ave,2014,39263
St Marks Pl & 2 Ave,2015,43164
St Marks Pl & 2 Ave,2016,40695
Stagg St & Union Ave,2015,2169
Stagg St & Union Ave,2016,6687
Stanton St & Chrystie St,2013,14480
Stanton St & Chrystie St,2014,26442
Stanton St & Chrystie St,2015,29233
Stanton St & Chrystie St,2016,32015
Stanton St & Mangin St,2013,6581
Stanton St & Mangin St,2014,12366
Stanton St & Mangin St,2015,13359
Stanton St & Mangin St,2016,11107
State St,2013,13436
State St,2014,2895
State St & Smith St,2013,9710
State St & Smith St,2014,15101
State St & Smith St,2015,15726
State St & Smith St,2016,13668
Suffolk St & Stanton St,2013,18965
Suffolk St & Stanton St,2014,31539
Suffolk St & Stanton St,2015,35854
Suffolk St & Stanton St,2016,35650
Sullivan St & Washington Sq,2013,19977
Sullivan St & Washington Sq,2014,31332
Sullivan St & Washington Sq,2015,35617
Sullivan St & Washington Sq,2016,29757
Throop Ave & Myrtle Ave,2015,557
Throop Ave & Myrtle Ave,2016,1379
Tompkins Ave & Hopkins St,2015,988
Tompkins Ave & Hopkins St,2016,2981
Union Ave & Jackson St,2015,2187
Union Ave & Jackson St,2016,4768
Union Ave & N 12 St,2015,850
Union Ave & N 12 St,2016,9317
Union Ave & Wallabout St,2015,864
Union Ave & Wallabout St,2016,2111
Union St & 4 Ave,2016,1363
University Pl & E 14 St,2013,36571
University Pl & E 14 St,2014,60072
University Pl & E 14 St,2015,59341
University Pl & E 14 St,2016,49095
University Pl & E 8 St,2016,26185
Van Brunt St & Wolcott St,2016,713
Vernon Blvd & 50 Ave,2015,6437
Vernon Blvd & 50 Ave,2016,15572
Verona Pl & Fulton St,2016,1634
Vesey Pl & River Terrace,2013,30947
Vesey Pl & River Terrace,2014,53028
Vesey Pl & River Terrace,2015,65630
Vesey Pl & River Terrace,2016,52698
W 100 St & Broadway,2016,3183
W 100 St & Manhattan Ave,2016,480
W 104 St & Amsterdam Ave,2016,1505
W 106 St & Amsterdam Ave,2016,2350
W 106 St & Central Park West,2016,4076
W 107 St & Columbus Ave,2016,1354
W 11 St & 6 Ave,2013,17064
W 11 St & 6 Ave,2014,12105
W 11 St & 6 Ave,2015,20819
W 11 St & 6 Ave,2016,20432
W 13 St & 5 Ave,2013,18581
W 13 St & 5 Ave,2014,989
W 13 St & 5 Ave,2015,27015
W 13 St & 5 Ave,2016,27881
W 13 St & 6 Ave,2013,24026
W 13 St & 6 Ave,2014,45847
W 13 St & 6 Ave,2015,40766
W 13 St & 6 Ave,2016,35835
W 13 St & 7 Ave,2013,18194
W 13 St & 7 Ave,2014,29627
W 13 St & 7 Ave,2015,34319
W 13 St & 7 Ave,2016,19628
W 13 St & Hudson St,2015,12734
W 13 St & Hudson St,2016,38856
W 14 St & The High Line,2013,13924
W 14 St & The High Line,2014,21399
W 14 St & The High Line,2015,30654
W 14 St & The High Line,2016,31638
W 15 St & 7 Ave,2013,24756
W 15 St & 7 Ave,2014,35120
W 15 St & 7 Ave,2015,40585
W 15 St & 7 Ave,2016,39816
W 16 St & The High Line,2013,18037
W 16 St & The High Line,2014,33057
W 16 St & The High Line,2015,26310
W 16 St & The High Line,2016,36751
W 17 St & 8 Ave,2013,28097
W 17 St & 8 Ave,2014,45612
W 17 St & 8 Ave,2015,46381
W 17 St & 8 Ave,2016,45101
W 18 St & 6 Ave,2013,29368
W 18 St & 6 Ave,2014,52215
W 18 St & 6 Ave,2015,52812
W 18 St & 6 Ave,2016,53131
W 20 St & 11 Ave,2013,45800
W 20 St & 11 Ave,2014,39644
W 20 St & 11 Ave,2015,62800
W 20 St & 11 Ave,2016,63596
W 20 St & 7 Ave,2013,22631
W 20 St & 7 Ave,2014,34972
W 20 St & 7 Ave,2015,41512
W 20 St & 7 Ave,2016,38080
W 20 St & 8 Ave,2013,17822
W 20 St & 8 Ave,2014,27642
W 20 St & 8 Ave,2015,36134
W 20 St & 8 Ave,2016,31269
W 21 St & 6 Ave,2013,38378
W 21 St & 6 Ave,2014,73448
W 21 St & 6 Ave,2015,87149
W 21 St & 6 Ave,2016,76373
W 22 St & 10 Ave,2013,28791
W 22 St & 10 Ave,2014,46677
W 22 St & 10 Ave,2015,51292
W 22 St & 10 Ave,2016,46322
W 22 St & 8 Ave,2013,23079
W 22 St & 8 Ave,2014,35740
W 22 St & 8 Ave,2015,43206
W 22 St & 8 Ave,2016,40055
W 24 St & 7 Ave,2013,25591
W 24 St & 7 Ave,2014,45252
W 24 St & 7 Ave,2015,53083
W 24 St & 7 Ave,2016,42232
W 25 St & 6 Ave,2013,27048
W 25 St & 6 Ave,2014,36867
W 25 St & 6 Ave,2015,41850
W 25 St & 6 Ave,2016,39812
W 26 St & 10 Ave,2013,22391
W 26 St & 10 Ave,2014,28788
W 26 St & 10 Ave,2015,34026
W 26 St & 10 Ave,2016,39213
W 26 St & 8 Ave,2013,20364
W 26 St & 8 Ave,2014,37331
W 26 St & 8 Ave,2015,46488
W 26 St & 8 Ave,2016,47241
W 27 St & 10 Ave,2016,8827
W 27 St & 7 Ave,2013,25024
W 27 St & 7 Ave,2014,39632
W 27 St & 7 Ave,2015,48639
W 27 St & 7 Ave,2016,33649
W 29 St & 9 Ave,2013,14902
W 29 St & 9 Ave,2014,25182
W 29 St & 9 Ave,2015,29730
W 29 St & 9 Ave,2016,2230
W 31 St & 7 Ave,2013,20586
W 31 St & 7 Ave,2014,53178
W 31 St & 7 Ave,2015,56775
W 31 St & 7 Ave,2016,51941
W 33 St & 7 Ave,2013,27579
W 33 St & 7 Ave,2014,42631
W 33 St & 7 Ave,2015,45575
W 33 St & 7 Ave,2016,43698
W 34 St & 11 Ave,2013,9257
W 34 St & 11 Ave,2014,16087
W 34 St & 11 Ave,2015,21803
W 34 St & 11 Ave,2016,24204
W 37 St & 10 Ave,2013,19567
W 37 St & 10 Ave,2014,29436
W 37 St & 10 Ave,2015,33443
W 37 St & 10 Ave,2016,24704
W 37 St & 5 Ave,2013,15476
W 37 St & 5 Ave,2014,24359
W 37 St & 5 Ave,2015,28469
W 37 St & 5 Ave,2016,25640
W 38 St & 8 Ave,2013,24881
W 38 St & 8 Ave,2014,49223
W 38 St & 8 Ave,2015,53143
W 38 St & 8 Ave,2016,50764
W 39 St & 9 Ave,2013,26930
W 39 St & 9 Ave,2014,42503
W 39 St & 9 Ave,2015,44034
W 39 St & 9 Ave,2016,37603
W 4 St & 7 Ave S,2013,30689
W 4 St & 7 Ave S,2014,42952
W 4 St & 7 Ave S,2015,46551
W 4 St & 7 Ave S,2016,40067
W 41 St & 8 Ave,2013,36665
W 41 St & 8 Ave,2014,51922
W 41 St & 8 Ave,2015,64620
W 41 St & 8 Ave,2016,55231
W 42 St & 8 Ave,2013,17428
W 42 St & 8 Ave,2014,29570
W 42 St & 8 Ave,2015,60495
W 42 St & 8 Ave,2016,31587
W 42 St & Dyer Ave,2016,29962
W 43 St & 10 Ave,2013,20621
W 43 St & 10 Ave,2014,30771
W 43 St & 10 Ave,2015,37835
W 43 St & 10 Ave,2016,31643
W 43 St & 6 Ave,2013,18324
W 43 St & 6 Ave,2014,4794
W 43 St & 6 Ave,2015,24346
W 43 St & 6 Ave,2016,27538
W 44 St & 5 Ave,2013,13217
W 44 St & 5 Ave,2014,23798
W 44 St & 5 Ave,2015,34996
W 44 St & 5 Ave,2016,34803
W 45 St & 6 Ave,2013,15973
W 45 St & 6 Ave,2014,30450
W 45 St & 6 Ave,2015,23952
W 45 St & 6 Ave,2016,25292
W 45 St & 8 Ave,2013,21613
W 45 St & 8 Ave,2014,25438
W 45 St & 8 Ave,2015,33251
W 45 St & 8 Ave,2016,30829
W 46 St & 11 Ave,2013,13092
W 46 St & 11 Ave,2014,22067
W 46 St & 11 Ave,2015,23190
W 46 St & 11 Ave,2016,28642
W 47 St & 10 Ave,2013,15161
W 47 St & 10 Ave,2014,22440
W 47 St & 10 Ave,2015,29676
W 47 St & 10 Ave,2016,28530
W 49 St & 5 Ave,2013,12016
W 49 St & 5 Ave,2014,10265
W 49 St & 8 Ave,2013,23270
W 49 St & 8 Ave,2014,33575
W 49 St & 8 Ave,2015,29509
W 49 St & 8 Ave,2016,35983
W 51 St & 6 Ave,2013,16597
W 51 St & 6 Ave,2014,26845
W 51 St & 6 Ave,2015,32126
W 51 St & 6 Ave,2016,22051
W 52 St & 11 Ave,2013,17063
W 52 St & 11 Ave,2014,24667
W 52 St & 11 Ave,2015,27639
W 52 St & 11 Ave,2016,26218
W 52 St & 5 Ave,2013,13053
W 52 St & 5 Ave,2014,17939
W 52 St & 5 Ave,2015,27223
W 52 St & 5 Ave,2016,45067
W 52 St & 9 Ave,2013,12016
W 52 St & 9 Ave,2014,16300
W 52 St & 9 Ave,2015,25128
W 52 St & 9 Ave,2016,20385
W 53 St & 10 Ave,2013,12268
W 53 St & 10 Ave,2014,21487
W 53 St & 10 Ave,2015,25537
W 53 St & 10 Ave,2016,25206
W 54 St & 9 Ave,2013,10497
W 54 St & 9 Ave,2014,13939
W 54 St & 9 Ave,2015,17908
W 54 St & 9 Ave,2016,17652
W 56 St & 10 Ave,2013,12312
W 56 St & 10 Ave,2014,17437
W 56 St & 10 Ave,2015,23573
W 56 St & 10 Ave,2016,22250
W 56 St & 6 Ave,2013,21089
W 56 St & 6 Ave,2014,28147
W 56 St & 6 Ave,2015,34467
W 56 St & 6 Ave,2016,28387
W 59 St & 10 Ave,2013,18652
W 59 St & 10 Ave,2014,22385
W 59 St & 10 Ave,2015,20109
W 59 St & 10 Ave,2016,14913
W 63 St & Broadway,2015,11043
W 63 St & Broadway,2016,23975
W 64 St & West End Ave,2015,6452
W 64 St & West End Ave,2016,14580
W 67 St & Broadway,2015,10143
W 67 St & Broadway,2016,21978
W 70 St & Amsterdam Ave,2015,9253
W 70 St & Amsterdam Ave,2016,20402
W 74 St & Columbus Ave,2015,5996
W 74 St & Columbus Ave,2016,11186
W 76 St & Columbus Ave,2015,3900
W 76 St & Columbus Ave,2016,15083
W 78 St & Broadway,2015,3671
W 78 St & Broadway,2016,14963
W 82 St & Central Park West,2015,3781
W 82 St & Central Park West,2016,14435
W 84 St & Broadway,2015,10182
W 84 St & Broadway,2016,24026
W 84 St & Columbus Ave,2015,9248
W 84 St & Columbus Ave,2016,17074
W 87 St  & Amsterdam Ave,2016,3420
W 87 St & West End Ave,2016,2828
W 88 St & West End Ave,2016,1
W 89 St & Columbus Ave,2016,1244
W 90 St & Amsterdam Ave,2016,2508
W 92 St & Broadway,2016,1436
W 95 St & Broadway,2016,4414
W Broadway & Spring St,2013,22140
W Broadway & Spring St,2014,34624
W Broadway & Spring St,2015,42106
W Broadway & Spring St,2016,35716
W Houston St & Hudson St,2013,28623
W Houston St & Hudson St,2014,47995
W Houston St & Hudson St,2015,8135
Warren St & Church St,2013,15208
Warren St & Church St,2014,15661
Warren St & Church St,2015,19142
Warren St & Church St,2016,16854
Warren St & Court St,2016,1215
Washington Ave & Greene Ave,2013,2838
Washington Ave & Greene Ave,2014,4077
Washington Ave & Greene Ave,2015,5438
Washington Ave & Greene Ave,2016,4961
Washington Ave & Park Ave,2013,4195
Washington Ave & Park Ave,2014,7134
Washington Ave & Park Ave,2015,9210
Washington Ave & Park Ave,2016,8375
Washington Park,2013,4038
Washington Park,2014,6377
Washington Park,2015,7152
Washington Park,2016,6323
Washington Pl & 6 Ave,2013,14790
Washington Pl & 6 Ave,2014,23205
Washington Pl & 6 Ave,2015,24461
Washington Pl & 6 Ave,2016,21172
Washington Pl & Broadway,2013,18262
Washington Pl & Broadway,2014,28057
Washington Pl & Broadway,2015,37202
Washington Pl & Broadway,2016,31214
Washington Square E,2013,24693
Washington Square E,2014,37288
Washington Square E,2015,27864
Washington Square E,2016,2
Washington St & Gansevoort St,2013,20150
Washington St & Gansevoort St,2014,32874
Washington St & Gansevoort St,2015,48417
Washington St & Gansevoort St,2016,26468
Water - Whitehall Plaza,2013,7897
Water - Whitehall Plaza,2014,12682
Water - Whitehall Plaza,2015,14558
Water - Whitehall Plaza,2016,13255
Watts St & Greenwich St,2013,16734
Watts St & Greenwich St,2014,23011
Watts St & Greenwich St,2015,27671
Watts St & Greenwich St,2016,22863
West Drive & Prospect Park West,2016,1518
West End Ave & W 107 St,2016,1484
West End Ave & W 94 St,2016,2859
West St & Chambers St,2013,40277
West St & Chambers St,2014,63221
West St & Chambers St,2015,79061
West St & Chambers St,2016,78352
West Thames St,2013,24803
West Thames St,2014,29342
West Thames St,2015,35132
West Thames St,2016,30046
William St & Pine St,2013,12042
William St & Pine St,2014,17031
William St & Pine St,2015,18796
William St & Pine St,2016,16480
Willoughby Ave & Hall St,2013,4878
Willoughby Ave & Hall St,2014,7357
Willoughby Ave & Hall St,2015,7375
Willoughby Ave & Hall St,2016,8173
Willoughby Ave & Tompkins Ave,2015,1254
Willoughby Ave & Tompkins Ave,2016,2639
Willoughby Ave & Walworth St,2013,3139
Willoughby Ave & Walworth St,2014,4936
Willoughby Ave & Walworth St,2015,4898
Willoughby Ave & Walworth St,2016,3760
Willoughby St & Fleet St,2013,5055
Willoughby St & Fleet St,2014,8216
Willoughby St & Fleet St,2015,9694
Willoughby St & Fleet St,2016,9923
Wolcott St & Dwight St,2016,217
Wyckoff St & 3 Ave,2016,644
Wythe Ave & Metropolitan Ave,2013,9299
Wythe Ave & Metropolitan Ave,2014,15214
Wythe Ave & Metropolitan Ave,2015,19220
Wythe Ave & Metropolitan Ave,2016,20857
Yankee Ferry Terminal,2015,2158
Yankee Ferry Terminal,2016,6463
York St & Jay St,2013,10135
York St & Jay St,2014,16787
York St & Jay St,2015,18502
York St & Jay St,2016,20032
